Accuracy,F1,False Negative Scores,True Negative Scores,True Negative Rates,True Positive Scores,Positive Predictive Values,False Positive Scores,False Positive Rates,Negative Predictive Values,True Positive Rates,Matthews Correlation Coefficient,Threshold,Fraction Predicted As Positive,Fraction Predicted As Negative,Lift For Positive Class,Lift For Negative Class
0.7346938775510204,0.0,1495.0,4140.0,1.0,0.0,0.0,0.0,0.0,0.7346938775510204,0.0,0.0,1.0,0.0,1.0,0.0,1.0
0.734871339840284,0.001336898395721925,1494.0,4140.0,1.0,1.0,1.0,0.0,0.0,0.7348242811501597,0.0006688963210702341,0.022170278714856547,0.9098955817784844,0.0001774622892635315,0.9998225377107365,3.7692307692307687,1.0001774937877175
0.7391304347826086,0.03795811518324607,1466.0,4136.0,0.9990338164251208,29.0,0.8787878787878788,4.0,0.000966183574879227,0.738307747233131,0.01939799331103679,0.10664984373094175,0.8624347304015363,0.0058562555456965395,0.9941437444543034,3.312354312354312,1.0049188781784284
0.7416149068322981,0.061855670103092786,1447.0,4131.0,0.9978260869565218,48.0,0.8421052631578947,9.0,0.002173913043478261,0.7405880243814987,0.032107023411371234,0.13206749216422287,0.8421599970540667,0.010115350488021296,0.9898846495119787,3.1740890688259107,1.0080225887414844
0.746938775510204,0.1053952321204517,1411.0,4125.0,0.9963768115942029,84.0,0.8484848484848485,15.0,0.0036231884057971015,0.7451228323699421,0.05618729096989967,0.17664216659475812,0.8146003009512955,0.017568766637089617,0.9824312333629104,3.1981351981351986,1.0141949662813101
0.7503105590062111,0.12987012987012986,1390.0,4123.0,0.9958937198067633,105.0,0.860655737704918,17.0,0.004106280193236715,0.7478686740431707,0.07023411371237458,0.20060010217447277,0.8024174781113469,0.02165039929015084,0.9783496007098491,3.2440100882723835,1.0179323618920935
0.7559893522626442,0.1800834824090638,1344.0,4109.0,0.9925120772946859,151.0,0.8296703296703297,31.0,0.00748792270531401,0.7535301668806161,0.10100334448160535,0.23353423820738628,0.7765370024306805,0.03229813664596273,0.9677018633540373,3.1272189349112427,1.0256382826986163
0.760603371783496,0.21341107871720116,1312.0,4103.0,0.9910628019323672,183.0,0.8318181818181818,37.0,0.008937198067632851,0.7577100646352724,0.12240802675585284,0.25863924423835344,0.7662062540360509,0.03904170363797693,0.9609582963620231,3.135314685314685,1.0313275879757875
0.7646850044365572,0.23880597014925373,1287.0,4101.0,0.9905797101449275,208.0,0.8421052631578947,39.0,0.009420289855072464,0.7611358574610245,0.1391304347826087,0.27972574636906306,0.7580460307389623,0.04383318544809228,0.9561668145519078,3.1740890688259107,1.0359904726552833
0.7714285714285715,0.2836484983314794,1240.0,4092.0,0.9884057971014493,255.0,0.8415841584158416,48.0,0.011594202898550725,0.7674418604651163,0.1705685618729097,0.31115835349594284,0.7360246358810826,0.05377107364685004,0.9462289263531499,3.172124904798172,1.0445736434108528
0.7755102040816326,0.3143631436314363,1205.0,4080.0,0.9855072463768116,290.0,0.8285714285714286,60.0,0.014492753623188406,0.771996215704825,0.1939799331103679,0.32832025914098645,0.7215570954158916,0.062111801242236024,0.937888198757764,3.123076923076923,1.0507726269315674
0.7756876663708961,0.3182308522114347,1200.0,4076.0,0.9845410628019323,295.0,0.8217270194986073,64.0,0.015458937198067632,0.7725549658832449,0.19732441471571907,0.32875428065898776,0.7143443881530309,0.06370896184560781,0.9362910381543922,3.0972787658024425,1.0515331480077499
0.7792369121561669,0.3486910994764398,1162.0,4058.0,0.9801932367149758,333.0,0.8024096385542169,82.0,0.019806763285024155,0.7773946360153257,0.22274247491638796,0.34302039744988455,0.6985454531463441,0.07364685004436557,0.9263531499556344,3.0244670991658946,1.0581204767986376
0.782963620230701,0.3782409761057448,1123.0,4040.0,0.9758454106280193,372.0,0.788135593220339,100.0,0.024154589371980676,0.7824907999225257,0.24882943143812708,0.3580578092405581,0.6773072608784515,0.08376220053238687,0.9162377994676132,2.970664928292047,1.065056922116771
0.7842058562555457,0.38894472361809046,1108.0,4032.0,0.9739130434782609,387.0,0.7818181818181819,108.0,0.02608695652173913,0.7844357976653696,0.2588628762541806,0.36305687003063136,0.6723205410777958,0.0878438331854481,0.9121561668145519,2.9468531468531465,1.067704280155642
0.7840283939662822,0.39841819080573404,1092.0,4015.0,0.9698067632850241,403.0,0.7632575757575758,125.0,0.030193236714975844,0.7861758370863521,0.26956521739130435,0.36265543465141387,0.6597828401980224,0.09370008873114463,0.9062999112688553,2.8768939393939394,1.0700726671453125
0.7877551020408163,0.425,1053.0,3997.0,0.9654589371980676,442.0,0.7555555555555555,143.0,0.034541062801932365,0.7914851485148515,0.2956521739130435,0.37793968574738024,0.6464317450143454,0.10381543921916593,0.8961845607808341,2.847863247863248,1.0772992299229922
0.7897071872227152,0.4449648711943794,1020.0,3975.0,0.9601449275362319,475.0,0.7421875,165.0,0.03985507246376811,0.7957957957957958,0.3177257525083612,0.3866390878524949,0.6309903422847395,0.11357586512866016,0.8864241348713399,2.7974759615384617,1.0831664998331665
0.7897071872227152,0.45164275798241554,1007.0,3962.0,0.9570048309178744,488.0,0.7327327327327328,178.0,0.042995169082125605,0.7973435298852888,0.32642140468227426,0.3876048499371772,0.6235107945098898,0.11818988464951198,0.881810115350488,2.761838761838762,1.0852731378994207
0.7907719609582964,0.461889548151529,989.0,3950.0,0.9541062801932367,506.0,0.7270114942528736,190.0,0.04589371980676329,0.799757035837214,0.3384615384615385,0.3925754956494855,0.6122762558665739,0.12351375332741793,0.876486246672582,2.7402740937223697,1.0885581876673192
0.7923691215616682,0.4795373665480427,956.0,3926.0,0.9483091787439614,539.0,0.7158034528552457,214.0,0.051690821256038647,0.8041786153215895,0.3605351170568562,0.40074118290378813,0.5956461020076114,0.13362910381543922,0.8663708961845608,2.6980283992236185,1.0945764486321636
0.7920141969831411,0.4913194444444444,929.0,3897.0,0.941304347826087,566.0,0.6996291718170581,243.0,0.058695652173913045,0.8075010360547037,0.3785953177257525,0.4027788275088593,0.5822239766528149,0.14356699201419698,0.856433007985803,2.6370638014642958,1.0990986324077912
0.7941437444543035,0.5029991431019709,908.0,3888.0,0.9391304347826087,587.0,0.699642431466031,252.0,0.06086956521739131,0.810675562969141,0.39264214046822743,0.4114723747842604,0.5756610351675886,0.14889086069210292,0.8511091393078971,2.637113780141194,1.103419516263553
0.7948535936113575,0.5101694915254237,893.0,3877.0,0.9364734299516908,602.0,0.6959537572254335,263.0,0.06352657004830918,0.8127882599580712,0.40267558528428093,0.415378567257565,0.5702523043993287,0.15350488021295475,0.8464951197870453,2.623210315695865,1.106295131609597
0.7962732919254658,0.5256198347107438,859.0,3851.0,0.9301932367149759,636.0,0.6875675675675675,289.0,0.06980676328502415,0.8176220806794056,0.4254180602006689,0.42385274093895453,0.5576863772226834,0.16415261756876665,0.8358473824312334,2.5916008316008314,1.1128744987025243
0.8001774622892636,0.5452342487883683,820.0,3834.0,0.9260869565217391,675.0,0.6880733944954128,306.0,0.07391304347826087,0.8238074774387624,0.451505016722408,0.43963861124741965,0.5432653486083446,0.1740905057675244,0.8259094942324756,2.593507410021171,1.1212935109583153
0.8017746228926353,0.559020923805764,787.0,3810.0,0.9202898550724637,708.0,0.6820809248554913,330.0,0.07971014492753623,0.8288013922123124,0.4735785953177257,0.4485759986393001,0.5303250367676147,0.1842058562555457,0.8157941437444542,2.570920409070698,1.1280907838445364
0.8019520851818989,0.5606299212598426,783.0,3807.0,0.9195652173913044,712.0,0.6813397129186602,333.0,0.08043478260869565,0.8294117647058824,0.4762541806020067,0.449628004463179,0.5286628487050596,0.18544809228039041,0.8145519077196096,2.5681266102318734,1.128921568627451
0.8033717834960071,0.5722007722007721,754.0,3786.0,0.9144927536231884,741.0,0.6767123287671233,354.0,0.08550724637681159,0.8339207048458149,0.4956521739130435,0.45763910297174654,0.5174803212958038,0.19432120674356698,0.805678793256433,2.5506849315068494,1.1350587371512482
0.8046140195208518,0.5840574234982999,722.0,3761.0,0.9084541062801932,773.0,0.6710069444444444,379.0,0.09154589371980676,0.8389471336158822,0.517056856187291,0.4658229820110512,0.5019089949468953,0.2044365572315883,0.7955634427684117,2.5291800213675217,1.1419002651993952
0.80603371783496,0.5953350610884858,691.0,3738.0,0.9028985507246376,804.0,0.6666666666666666,402.0,0.09710144927536232,0.8439828403702867,0.5377926421404682,0.47438248322645016,0.4893695902478633,0.214019520851819,0.785980479148181,2.5128205128205123,1.1487544216151124
0.8051464063886424,0.5995623632385121,673.0,3715.0,0.8973429951690821,822.0,0.6591820368885325,425.0,0.10265700483091787,0.8466271649954421,0.5498327759197325,0.4755897600624767,0.4807901269135334,0.22129547471162378,0.7787045252883762,2.484609215964469,1.1523536412437962
0.8055013309671695,0.602322206095791,665.0,3709.0,0.8958937198067632,830.0,0.6582077716098335,431.0,0.10410628019323671,0.8479652491998171,0.5551839464882943,0.4778319212530038,0.476495386269895,0.22377994676131321,0.7762200532386868,2.480936985298603,1.154174922521973
0.8044365572315882,0.6081081081081081,640.0,3678.0,0.8884057971014493,855.0,0.6492027334851936,462.0,0.11159420289855072,0.8517832329782307,0.5719063545150501,0.48021862537020604,0.4648799896345846,0.23371783496007098,0.766282165039929,2.4469949185211144,1.159371622664814
0.8026619343389529,0.6120027913468249,618.0,3646.0,0.8806763285024155,877.0,0.6396790663749088,494.0,0.11932367149758454,0.8550656660412758,0.5866220735785953,0.4808257718717668,0.44806495070949676,0.24330079858030168,0.7566992014196983,2.4110980194131177,1.1638393787784034
0.8023070097604259,0.6187542778918549,591.0,3617.0,0.8736714975845411,904.0,0.6334968465311843,523.0,0.12632850241545893,0.8595532319391636,0.6046822742474917,0.48564633709971555,0.4355156466596319,0.2532386867790595,0.7467613132209405,2.387795806156002,1.1699474545838615
0.8010647737355812,0.6183180115764385,587.0,3606.0,0.8710144927536232,908.0,0.6296809986130375,534.0,0.1289855072463768,0.8600047698545195,0.6073578595317726,0.48399600508940865,0.4325797888877582,0.25590062111801243,0.7440993788819876,2.373412994772218,1.1705620478575403
0.7998225377107364,0.6209677419354839,571.0,3583.0,0.8654589371980677,924.0,0.6239027683997299,557.0,0.13454106280193237,0.8625421280693307,0.6180602006688963,0.4849798108792826,0.4237821038764164,0.2628216503992902,0.7371783496007098,2.3516335116605203,1.1740156743165893
0.7962732919254658,0.6213720316622692,553.0,3545.0,0.856280193236715,942.0,0.6128822381262199,595.0,0.14371980676328502,0.8650561249389946,0.6301003344481605,0.48214096821210356,0.4120737076233388,0.2727595385980479,0.7272404614019521,2.310094589860367,1.177437503389187
0.7929015084294587,0.6224522808152702,533.0,3506.0,0.8468599033816425,962.0,0.6027568922305765,634.0,0.15314009661835748,0.8680366427333498,0.6434782608695652,0.48046647924235925,0.4004366859248465,0.28322981366459626,0.7167701863354037,2.2719298245614032,1.1814943192759484
0.7914818101153505,0.6266285351128058,509.0,3474.0,0.8391304347826087,986.0,0.5968523002421308,666.0,0.1608695652173913,0.8722068792367562,0.6595317725752509,0.4836342479812696,0.3913362676983217,0.29316770186335406,0.7068322981366459,2.2496740547588003,1.187170474516696
0.7898846495119787,0.6276729559748427,497.0,3453.0,0.8340579710144927,998.0,0.5922848664688427,687.0,0.16594202898550725,0.8741772151898735,0.6675585284280936,0.4837200394074522,0.38483944697673655,0.2990239574090506,0.7009760425909495,2.232458342844099,1.1898523206751055
0.7889973380656611,0.6290171606864274,487.0,3438.0,0.8304347826086956,1008.0,0.5894736842105263,702.0,0.16956521739130434,0.8759235668789809,0.6742474916387959,0.48464187098143247,0.3813473163315434,0.3034605146406389,0.6965394853593612,2.221862348178137,1.1922292993630572
0.7870452528837621,0.6319018404907976,465.0,3405.0,0.822463768115942,1030.0,0.5835694050991501,735.0,0.17753623188405798,0.8798449612403101,0.6889632107023411,0.48682913770436875,0.3692235634283638,0.3132209405501331,0.6867790594498668,2.199607757681412,1.197566752799311
0.7842058562555457,0.6337349397590362,443.0,3367.0,0.8132850241545894,1052.0,0.5764383561643835,773.0,0.18671497584541064,0.8837270341207349,0.7036789297658863,0.48773857712831536,0.3581765294164542,0.323868677905945,0.676131322094055,2.1727291886196,1.2028506853310004
0.7801242236024845,0.63397341211226,422.0,3323.0,0.8026570048309178,1073.0,0.5677248677248677,817.0,0.19734299516908213,0.8873164218958611,0.7177257525083612,0.4866165235542833,0.34631010136553747,0.33540372670807456,0.6645962732919255,2.13988603988604,1.2077362409138108
0.7774622892635314,0.6350407450523865,404.0,3290.0,0.7946859903381642,1091.0,0.5620814013395157,850.0,0.20531400966183574,0.8906334596643205,0.7297658862876254,0.48726497763521387,0.3371356137577172,0.34445430346051464,0.6555456965394854,2.1186145127412517,1.2122510978764363
0.7767524401064774,0.6345148169668797,403.0,3285.0,0.7934782608695652,1092.0,0.5608628659476117,855.0,0.20652173913043478,0.8907266811279827,0.7304347826086957,0.4864089370183735,0.3362428436668194,0.3455190771960958,0.6544809228039041,2.1140215716486903,1.212377982646421
0.7726708074534161,0.6345221112696149,383.0,3242.0,0.7830917874396135,1112.0,0.5532338308457712,898.0,0.21690821256038648,0.8943448275862069,0.7438127090301003,0.4856245542100311,0.3259036655786803,0.3566992014196983,0.6433007985803016,2.0852659778032914,1.2173026819923372
0.7685891748003549,0.6339135317237508,366.0,3202.0,0.7734299516908213,1129.0,0.5462022254475085,938.0,0.22657004830917873,0.8974215246636771,0.7551839464882943,0.48425786505859836,0.31588941932588827,0.3668145519077196,0.6331854480922804,2.0587622343790706,1.2214904085700051
0.763265306122449,0.6310840707964602,354.0,3160.0,0.7632850241545893,1141.0,0.5379537953795379,980.0,0.23671497584541062,0.8992601024473534,0.7632107023411371,0.47978250152584506,0.3057017077424052,0.3763975155279503,0.6236024844720497,2.0276719979690276,1.2239929172200088
0.75829636202307,0.6288828337874659,341.0,3119.0,0.7533816425120773,1154.0,0.5305747126436782,1021.0,0.2466183574879227,0.9014450867052023,0.7719063545150502,0.4763767574893164,0.29376352831422664,0.385980479148181,0.614019520851819,1.9998585322723255,1.2269669235709697
0.757586512866016,0.6296095444685467,334.0,3108.0,0.7507246376811594,1161.0,0.5294117647058824,1032.0,0.2492753623188406,0.9029633933759442,0.7765886287625418,0.4774904783733804,0.2900995830783866,0.3891748003549246,0.6108251996450754,1.9954751131221717,1.2290335076505907
0.7554569653948536,0.6303648068669528,320.0,3082.0,0.7444444444444445,1175.0,0.5261979399910435,1058.0,0.25555555555555554,0.9059376837154615,0.7859531772575251,0.4787522397510297,0.280286430914255,0.39627329192546584,0.6037267080745341,1.983361466120087,1.2330818472793783
0.7533274179236912,0.6328578975171685,297.0,3047.0,0.7359903381642512,1198.0,0.5229157573112178,1093.0,0.2640096618357488,0.9111842105263158,0.8013377926421404,0.4829638954427719,0.2689709801383174,0.4065661047027507,0.5934338952972493,1.9709901621730517,1.2402229532163742
0.7499556344276841,0.6331684457172612,279.0,3010.0,0.7270531400966184,1216.0,0.5183290707587382,1130.0,0.27294685990338163,0.9151717847370021,0.8133779264214047,0.4840220342836041,0.2597578230991028,0.4163265306122449,0.5836734693877551,1.953701882090629,1.2456504847809196
0.7458740017746229,0.6324435318275154,263.0,2971.0,0.7176328502415459,1232.0,0.5131195335276968,1169.0,0.2823671497584541,0.9186765615337044,0.8240802675585285,0.4836420255825676,0.2502956541173607,0.4260869565217391,0.5739130434782609,1.9340659340659343,1.2504208754208754
0.7419698314108252,0.6317122593718338,248.0,2934.0,0.7086956521739131,1247.0,0.5083571137382796,1206.0,0.29130434782608694,0.9220615964802011,0.834113712374582,0.48335836248427144,0.2416743612473897,0.4353149955634428,0.5646850044365572,1.9161152748596695,1.2550282840980516
0.7417923691215617,0.6317388003037205,247.0,2932.0,0.7082125603864734,1248.0,0.50814332247557,1208.0,0.29178743961352654,0.9223026108839257,0.8347826086956521,0.4834563706946603,0.24129737222148273,0.4358473824312334,0.5641526175687666,1.9153094462540714,1.255356331480899
0.7354037267080745,0.6279011729473422,237.0,2886.0,0.6971014492753623,1258.0,0.5007961783439491,1254.0,0.30289855072463767,0.9241114313160422,0.8414715719063545,0.478376185713381,0.23167539030690415,0.4457852706299911,0.5542147293700088,1.8876163645271924,1.2578183370690577
0.7286601597160604,0.6234917508002955,229.0,2840.0,0.6859903381642513,1266.0,0.49337490257209665,1300.0,0.3140096618357488,0.9253828608667318,0.8468227424749164,0.47235538948911127,0.22449022531942558,0.4553682342502218,0.5446317657497781,1.8596438635409798,1.2595488939574964
0.721561668145519,0.6187120291616038,222.0,2793.0,0.6746376811594202,1273.0,0.4858778625954199,1347.0,0.3253623188405797,0.9263681592039801,0.8515050167224081,0.46572549221680715,0.21444342392882415,0.4649511978704525,0.5350488021295474,1.8313857897827366,1.2608899944720842
0.7173025732031943,0.6180771997122992,206.0,2753.0,0.664975845410628,1289.0,0.48168908819133033,1387.0,0.33502415458937196,0.9303818857722204,0.8622073578595317,0.46608679023199023,0.2047862668128674,0.4748890860692103,0.5251109139307897,1.8155973324134758,1.2663531223010778
0.7126885536823425,0.6171671790021281,190.0,2711.0,0.6548309178743962,1305.0,0.4773226042428676,1429.0,0.3451690821256039,0.9345053429851775,0.8729096989966555,0.46619559727100324,0.1951968392500132,0.4851818988464951,0.5148181011535049,1.799139046761578,1.271965605729825
0.7116237799467613,0.6164739202265754,189.0,2704.0,0.6531400966183575,1306.0,0.4762946754194019,1436.0,0.3468599033816425,0.9346698928447977,0.8735785953177257,0.4652555425013188,0.1939529574764221,0.48660159716060336,0.5133984028393966,1.795264545811592,1.2721895763720859
0.7066548358473824,0.6140555685267336,180.0,2667.0,0.6442028985507247,1315.0,0.4716642754662841,1473.0,0.35579710144927534,0.9367755532139094,0.8795986622073578,0.4625380197761576,0.18739188658727152,0.4947648624667258,0.5052351375332742,1.7778114998344554,1.27505561409671
0.7000887311446318,0.6104195481788843,171.0,2621.0,0.6330917874396135,1324.0,0.4657052409426662,1519.0,0.36690821256038647,0.9387535816618912,0.88561872909699,0.45803607367869664,0.17972984600150232,0.50452528837622,0.49547471162378,1.7553505235531266,1.2777479305953516
0.6921029281277729,0.6050534941953107,166.0,2571.0,0.6210144927536232,1329.0,0.458592132505176,1569.0,0.3789855072463768,0.9393496529046401,0.8889632107023412,0.45049021946371287,0.17262953569073283,0.5142857142857142,0.48571428571428577,1.7285395763656637,1.2785592497868712
0.6850044365572315,0.6008545086575219,159.0,2524.0,0.6096618357487923,1336.0,0.45257452574525747,1616.0,0.3903381642512077,0.9407379798732762,0.8936454849498328,0.44492366019366414,0.16548279398381013,0.5238686779059449,0.47613132209405507,1.7058578278090475,1.2804489170497368
0.6771960958296362,0.5962264150943396,152.0,2473.0,0.5973429951690822,1343.0,0.4461794019933555,1667.0,0.4026570048309179,0.9420952380952381,0.8983277591973244,0.43869851122844966,0.15718230781031628,0.5341614906832298,0.4658385093167702,1.68175313059034,1.2822962962962965
0.670452528837622,0.5926738319806976,144.0,2427.0,0.586231884057971,1351.0,0.44092689295039167,1713.0,0.413768115942029,0.9439906651108518,0.9036789297658863,0.4342525464805884,0.1505877926195771,0.5437444543034605,0.4562555456965395,1.6619552118899377,1.2848761830675484
0.6651286601597161,0.589157413455258,142.0,2395.0,0.5785024154589372,1353.0,0.43673337637185283,1745.0,0.4214975845410628,0.94402837997635,0.9050167224080268,0.42907528029728537,0.14616588269585762,0.5497781721384206,0.4502218278615794,1.6461488801708297,1.284927517190032
0.662111801242236,0.5877003031615418,138.0,2374.0,0.5734299516908212,1357.0,0.4345180915786103,1766.0,0.4265700483091787,0.9450636942675159,0.9076923076923077,0.42734675197896527,0.1435927829997491,0.5542147293700088,0.4457852706299912,1.6377989605655314,1.2863366949752297
0.6546583850931676,0.5836542575952075,131.0,2325.0,0.5615942028985508,1364.0,0.4290657439446367,1815.0,0.4384057971014493,0.9466612377850163,0.9123745819397994,0.42199865042602275,0.1371388803652864,0.5641526175687667,0.43584738243123333,1.6172478040990153,1.2885111292073834
0.6491570541259982,0.5821179454660749,118.0,2281.0,0.5509661835748793,1377.0,0.42552533992583436,1859.0,0.44903381642512075,0.9508128386827845,0.9210702341137124,0.42147992321089484,0.13200962119911158,0.5742679680567879,0.4257320319432121,1.6039032043358372,1.2941619193182345
0.6429458740017746,0.5796071876305893,108.0,2236.0,0.5400966183574879,1387.0,0.42145244606502585,1904.0,0.4599033816425121,0.9539249146757679,0.9277591973244147,0.41907336028182923,0.12546253611781788,0.5840283939662821,0.41597160603371786,1.5885515274758666,1.2983978005309063
0.6331854480922804,0.5731984307247574,107.0,2180.0,0.5265700483091788,1388.0,0.4145758661887694,1960.0,0.47342995169082125,0.9532138172278094,0.928428093645485,0.40907654856351433,0.1208964179261455,0.5941437444543035,0.4058562555456965,1.5626321110192076,1.2974299178934074
0.6262644188110027,0.5700285830951409,99.0,2133.0,0.5152173913043478,1396.0,0.41022627093740816,2007.0,0.48478260869565215,0.9556451612903226,0.9337792642140468,0.4053085854259395,0.11427139758668634,0.6039041703637977,0.39609582963620227,1.5462374827640768,1.3007392473118282
0.6173913043478261,0.5649717514124294,95.0,2079.0,0.5021739130434782,1400.0,0.40450736781277086,2061.0,0.49782608695652175,0.9563017479300828,0.9364548494983278,0.39782063288885755,0.108085615677662,0.6141969831410825,0.3858030168589175,1.5246816171404443,1.3016329346826125
0.6099378881987577,0.5614525139664804,88.0,2030.0,0.49033816425120774,1407.0,0.4000568666477111,2110.0,0.5096618357487923,0.9584513692162417,0.9411371237458194,0.39330324727709176,0.10247003891046914,0.6241348713398402,0.37586512866015975,1.5079066512106034,1.3045588080998844
0.6031943212067435,0.5579280347963622,84.0,1988.0,0.4801932367149758,1411.0,0.3960145944428852,2152.0,0.5198067632850242,0.9594594594594594,0.9438127090301003,0.38823074635157356,0.09822086008420201,0.6322981366459627,0.3677018633540373,1.4926703944385673,1.3059309309309306
0.6017746228926353,0.557570977917981,81.0,1977.0,0.47753623188405797,1414.0,0.3953033268101761,2163.0,0.5224637681159421,0.9606413994169096,0.945819397993311,0.3881896492352617,0.09692342799763105,0.6347826086956522,0.3652173913043478,1.4899894625922023,1.3075396825396826
0.5937888198757764,0.553540081919251,76.0,1927.0,0.46545893719806763,1419.0,0.39069383259911894,2213.0,0.5345410628019324,0.9620569146280579,0.9491638795986622,0.38243758764337393,0.0915185311837188,0.6445430346051464,0.3554569653948536,1.4726152151812946,1.3094663560215232
0.5858030168589174,0.5497685185185185,70.0,1876.0,0.45314009661835747,1425.0,0.38628354567633505,2264.0,0.5468599033816425,0.9640287769784173,0.9531772575250836,0.37727705478192336,0.0857499129330716,0.6546583850931676,0.34534161490683235,1.4559918260108016,1.3121502797761788
0.5769299023957409,0.5448644520809469,68.0,1824.0,0.4405797101449275,1427.0,0.38124499064921186,2316.0,0.5594202898550724,0.9640591966173362,0.954515050167224,0.36936144236081153,0.08146425309721299,0.6642413487133983,0.33575865128660165,1.4370003493701062,1.3121916842847072
0.568944099378882,0.5410920083128661,63.0,1774.0,0.4285024154589372,1432.0,0.3770405476566614,2366.0,0.5714975845410628,0.9657049537289059,0.9578595317725752,0.36390083720729305,0.07770115047915824,0.6740017746228927,0.3259982253771073,1.4211528334751082,1.3144317425754553
0.5613132209405501,0.5379439252336449,56.0,1724.0,0.41642512077294686,1439.0,0.37328145265888457,2416.0,0.5835748792270531,0.9685393258426966,0.9625418060200669,0.3599149482068502,0.07334065640020102,0.6841171251109139,0.31588287488908606,1.4069839369450263,1.3182896379525593
0.5536823425022183,0.5346901017576319,50.0,1675.0,0.40458937198067635,1445.0,0.3695652173913043,2465.0,0.5954106280193237,0.9710144927536232,0.9665551839464883,0.3555338314134698,0.06877240871572286,0.6938775510204082,0.30612244897959184,1.3929765886287626,1.321658615136876
0.5467613132209406,0.5322344322344322,42.0,1628.0,0.3932367149758454,1453.0,0.36645649432534677,2512.0,0.6067632850241546,0.9748502994011976,0.9719063545150501,0.35302380981940346,0.06386497903284749,0.7036379769299024,0.2963620230700976,1.3812590939955378,1.3268795741849633
0.5389529724933452,0.528835690968444,37.0,1579.0,0.3814009661835749,1458.0,0.36277681015177904,2561.0,0.6185990338164251,0.9771039603960396,0.9752508361204013,0.3481653190430427,0.059153985545012895,0.7132209405501331,0.2867790594498669,1.3673895151874749,1.3299470572057206
0.5306122448979592,0.5250493804991919,33.0,1528.0,0.3690821256038647,1462.0,0.3588610702012764,2612.0,0.6309178743961352,0.9788597053171044,0.9779264214046822,0.3423331646323987,0.05616785483439069,0.7229813664596273,0.2770186335403727,1.3526301876817342,1.3323368211260587
0.5219165927240461,0.5209815078236131,30.0,1476.0,0.3565217391304348,1465.0,0.3548074594332768,2664.0,0.6434782608695652,0.9800796812749004,0.979933110367893,0.3356700798788821,0.052081115457624026,0.7327417923691215,0.2672582076308785,1.3373511932485052,1.333997343957503
0.5196095829636203,0.519950345805994,29.0,1462.0,0.3531400966183575,1466.0,0.35376447876447875,2678.0,0.6468599033816426,0.9805499664654594,0.9806020066889632,0.33402815168344663,0.050706689749135905,0.7354037267080745,0.2645962732919255,1.3334199584199584,1.3346374543557642
0.5132209405501331,0.5169924282444093,27.0,1424.0,0.34396135265700484,1468.0,0.3508604206500956,2716.0,0.6560386473429952,0.9813921433494142,0.9819397993311036,0.3290615343039095,0.04896746263417595,0.7425022182786158,0.25749778172138416,1.322473893219591,1.3357837506700363
0.5043478260869565,0.5129904097646033,24.0,1371.0,0.33115942028985507,1471.0,0.34693396226415096,2769.0,0.6688405797101449,0.9827956989247312,0.9839464882943144,0.3223348638854833,0.04582864474501132,0.7524401064773736,0.24755989352262642,1.3076741654571844,1.337694145758662
0.4951197870452529,0.50889003970309,21.0,1316.0,0.3178743961352657,1474.0,0.3429502093997208,2824.0,0.6821256038647343,0.9842931937172775,0.9859531772575251,0.31531820289643353,0.04337664418406178,0.7627329192546584,0.23726708074534164,1.2926584815835631,1.3397324025596276
0.4857142857142857,0.5044459644322845,20.0,1262.0,0.30483091787439615,1475.0,0.3388467723409143,2878.0,0.6951690821256039,0.984399375975039,0.9866220735785953,0.30693819720318605,0.04058720666022582,0.7724933451641526,0.22750665483584742,1.2771916803619079,1.3398769284104695
0.4759538598047915,0.49974589191936303,20.0,1207.0,0.29154589371980677,1475.0,0.33461887477313973,2933.0,0.7084541062801932,0.9837000814995925,0.9866220735785953,0.2975670294554403,0.038314921633507935,0.7822537710736468,0.2177462289263532,1.2612557587602962,1.3389251109300007
0.46566104702750666,0.49522212908633695,18.0,1147.0,0.27705314009661836,1477.0,0.33042505592841165,2993.0,0.7229468599033816,0.984549356223176,0.9879598662207358,0.2889157591363503,0.03588959468307914,0.7932564330079858,0.20674356699201424,1.2454482877301671,1.3400810681926558
0.4567879325643301,0.4914437614221632,16.0,1095.0,0.2644927536231884,1479.0,0.3269230769230769,3045.0,0.7355072463768116,0.9855985598559855,0.9892976588628762,0.2816291801447044,0.03436815451175051,0.8028393966282165,0.19716060337178354,1.2322485207100593,1.3415091509150914
0.4468500443655723,0.48708244199440515,15.0,1038.0,0.25072463768115943,1480.0,0.3230030554343082,3102.0,0.7492753623188406,0.9857549857549858,0.9899665551839465,0.2726084027328297,0.03236544230891942,0.8131322094055013,0.18686779059449865,1.2174730550985462,1.3417220639442864
0.43691215616681456,0.48280358598207007,14.0,981.0,0.23695652173913043,1481.0,0.31918103448275864,3159.0,0.7630434782608696,0.985929648241206,0.9906354515050168,0.2635161140025711,0.03065736781677355,0.8234250221827861,0.17657497781721387,1.203066976127321,1.3419597989949745
0.4275066548358474,0.47883683360258483,13.0,927.0,0.22391304347826088,1482.0,0.3156549520766773,3213.0,0.7760869565217391,0.9861702127659574,0.991304347826087,0.2548686418676033,0.02921429563462132,0.8331854480922803,0.16681455190771965,1.1897763578274763,1.342287234042553
0.41774622892635316,0.47478789819113176,12.0,871.0,0.2103864734299517,1483.0,0.31207912457912457,3269.0,0.7896135265700484,0.986409966024915,0.9919732441471572,0.24576852539428543,0.02766073571805121,0.8433007985803017,0.1566992014196983,1.1762982387982388,1.342613564867246
0.40763087843833185,0.470494923857868,12.0,814.0,0.1966183574879227,1483.0,0.30838012060719483,3326.0,0.8033816425120773,0.9854721549636803,0.9919732441471572,0.2354104315743553,0.026152329536381115,0.853416149068323,0.14658385093167703,1.1623558392117344,1.3413370998116758
0.39751552795031053,0.46627888696745795,12.0,757.0,0.18285024154589372,1483.0,0.30476777640772706,3383.0,0.8171497584541063,0.9843953185955787,0.9919732441471572,0.2248388316156014,0.02434311702694711,0.8635314995563442,0.13646850044365577,1.1487400803060484,1.3398714058662038
0.3882874889086069,0.4628330995792426,10.0,703.0,0.16980676328502414,1485.0,0.3017066233238521,3437.0,0.8301932367149758,0.9859747545582047,0.9933110367892977,0.21662399101316265,0.02295065839887752,0.8734693877551021,0.12653061224489792,1.1372018879129808,1.3420211937042235
0.3779946761313221,0.4586872586872587,10.0,645.0,0.15579710144927536,1485.0,0.29819277108433734,3495.0,0.8442028985507246,0.9847328244274809,0.9933110367892977,0.2053935461663944,0.021629477223833772,0.8837622005323869,0.11623779946761315,1.1239573679332715,1.340330788804071
0.36770186335403726,0.45494875325072665,8.0,585.0,0.14130434782608695,1487.0,0.2949226497421658,3555.0,0.8586956521739131,0.9865092748735245,0.9946488294314382,0.1956056347174165,0.02004061297411635,0.8947648624667258,0.10523513753327418,1.1116315259512404,1.3427487352445193
0.35740905057675243,0.45094768764215315,8.0,527.0,0.12729468599033816,1487.0,0.2915686274509804,3613.0,0.8727053140096618,0.9850467289719627,0.9946488294314382,0.1836612342925455,0.0186135442462635,0.9050576752440106,0.0949423247559894,1.0989894419306185,1.3407580477673928
0.34800354924578525,0.44785091674180943,5.0,471.0,0.11376811594202899,1490.0,0.2888156619499903,3669.0,0.886231884057971,0.9894957983193278,0.9966555183946488,0.17530591239455107,0.01738537853590872,0.915527950310559,0.084472049689441,1.0886128796576557,1.346813725490196
0.33717834960070986,0.4437825763216679,5.0,410.0,0.09903381642512077,1490.0,0.28544061302681994,3730.0,0.9009661835748792,0.9879518072289156,0.9966555183946488,0.1617428169627271,0.01620113500087366,0.9263531499556344,0.07364685004436555,1.0758915414087828,1.34471218206158
0.3263531499556344,0.43995278843316615,4.0,348.0,0.08405797101449275,1491.0,0.2822260079500284,3792.0,0.9159420289855073,0.9886363636363636,0.9973244147157191,0.14847028660389838,0.015161362007498016,0.9375332741792369,0.06246672582076307,1.0637749530424148,1.3456439393939397
0.31694764862466723,0.43686905632772494,2.0,293.0,0.07077294685990339,1493.0,0.2795880149812734,3847.0,0.9292270531400966,0.9932203389830508,0.9986622073578595,0.13763171919803555,0.013954596738111322,0.9476486246672582,0.05235137533274181,1.053831748775569,1.3518832391713744
0.3064773735581189,0.43313025819553236,2.0,234.0,0.05652173913043478,1493.0,0.27653269123911833,3906.0,0.9434782608695652,0.9915254237288136,0.9986622073578595,0.12162444109694152,0.012271903293849383,0.9581188997338066,0.041881100266193405,1.0423155285166767,1.3495762711864416
0.2963620230700976,0.4295784779168465,2.0,177.0,0.042753623188405795,1493.0,0.27364369501466274,3963.0,0.9572463768115942,0.9888268156424581,0.9986622073578595,0.10426137440474803,0.010649637213399187,0.9682342502218279,0.03176574977817215,1.0314262350552672,1.3459031657355676
0.2858917480035493,0.42612664004563605,1.0,117.0,0.02826086956521739,1494.0,0.2707993474714519,4023.0,0.9717391304347827,0.9915254237288136,0.9993311036789297,0.085076777490892,0.00910472961740312,0.9790594498669033,0.020940550133096703,1.020705232777011,1.3495762711864416
0.27524401064773735,0.42251131221719457,1.0,57.0,0.013768115942028985,1494.0,0.2678859601936525,4083.0,0.986231884057971,0.9827586206896551,0.9993311036789297,0.05729963710001667,0.007078175203743725,0.9897071872227152,0.010292812777284777,1.009724003806844,1.337643678160926
0.26548358473824313,0.4194136625052602,0.0,1.0,0.00024154589371980676,1495.0,0.2653532126375577,4139.0,0.9997584541062802,1.0,1.0,0.008005933980364864,0.0030002238296081537,0.9998225377107365,0.00017746228926351915,1.0001774937877175,1.3611111111112058
0.2653061224489796,0.41935483870967744,0.0,0.0,0.0,1495.0,0.2653061224489796,4140.0,1.0,0.0,1.0,0.0,0.0026531274749733904,1.0,0.0,1.0,0.0
